id,name
42aed4c4-d923-4972-b987-c4dc2224e920,Timothy Waller
a09b0afd-92ed-4bc0-b152-babe85c60495,Justin Chambers
4b7345c0-9852-4f52-b988-d7e52d17b4bd,Mark Jenkins
9d043e06-a1f2-47b0-8e99-d7bfc124a9f3,Jade Martinez
fb9d419f-ce49-4c2c-8c3d-914fde878e9a,Dustin Clarke
ee235eb0-8ecf-49fd-bf6b-29cd064ac42b,Danielle Weaver
0126aed0-d595-4a76-a4cc-d3daadca2460,Terry Obrien
936d32d3-0fd0-496e-ac8c-8ca2b5acbd24,Lori Butler
2898bfc7-9006-4bfc-9f8b-c21103a204ee,Nicholas Mcdowell
76b88c85-09d9-4d32-81be-2161010c17a3,Heidi Randall
f8984986-649b-4a62-bce3-7c70e2438f7a,Dorothy Schultz
58c88fbf-92b9-4307-972f-26ddd1168f69,Patrick Richards
64846b71-6886-41cf-920e-5172b2f5433c,David Hanson
f45ea61a-aba7-4ace-b5e3-98568c00d288,Kelly Bennett
de388a00-d427-4ced-91e5-6db9f1cd007b,Martin Cook
b6ac3466-fb6a-4929-b136-129eebf54a0e,Diana Webster
87ce2058-27a2-46d9-9cf8-5b4ffdda3722,Charles Oneill
02088bd8-eb6c-46b7-89c4-dc504a750d6f,Jose Fox
7f8d376c-4e48-47b3-ad56-80145e3fdfbb,Kenneth Moore
b3adf05e-2b81-4f0a-bcc7-769225d5500e,Brett Allen
cbee55ad-8f9d-4c1e-a965-cd5920ab10e6,Henry Zamora
f4ec60f1-a12b-453f-a8de-b572f03ac9b8,Jessica Lewis
636a6e8b-9175-4580-bee8-cfa4f1555671,Douglas Hill
badf0303-0d19-47af-a578-b33accb02c0c,William Oneill
0fda7ee1-bbfc-4e58-8ce8-86b7c0979115,Devin Clayton
1ebd3772-b5c1-4e9f-ac14-fe827730e405,Laura Hernandez
767426a2-091c-4a34-9ef1-8a235c4da34d,Sharon Marshall
c3872ebd-26df-444f-b533-ed80d0381a85,Mary Deleon
7b1cc8b0-a30c-4314-a923-aa7ba0fbbfec,Tyler Henderson
0921bcbf-6899-467c-a737-a6fb7838884c,Brittany Turner
b41b0b4c-9880-49fc-b1ef-44e89eaf300b,Mr. Adam Carey
a18ea7de-58bd-402f-a460-0ae5942d75aa,William Diaz
e412d518-bb74-405e-b921-5ede22967265,Michael Walker
ca78bc41-9d6e-4d40-ae2f-24ba8f358b77,Brian Church
a1dc220c-b8b0-4f59-991b-672cb2b4555c,John Washington
0c7d36a5-4dc3-4710-81be-fb31a330ec49,Paige Lawson
2e5d843d-9325-44f2-8927-56bcfd469e17,Patricia Dickerson
6bc1121c-8cca-463b-aa9a-9743b806fd50,Lawrence Clark
86d7f2f9-b687-4a94-90d0-b6ec44353465,Lindsey Ellison
ef67fa1e-ee9b-4fee-a9cc-273274c8ad8f,Jaime Hester
55054283-2f1d-493e-bd97-17d6e3be8057,Susan Phillips
77f83c5c-edfd-4c16-80ad-3b0c6c77a3e6,Donald Diaz
6b95a127-f37e-419d-82ea-1f211a455c4d,Melissa Roberts
ecb5db23-2fbc-40a4-b7a7-474c0e26e8bc,Yvonne Watson
7731c602-b4a8-48ec-a8d2-f57f32343b8a,Kyle Johnson
27e4110a-6579-4c59-95d1-4cb1a773c0e1,Lydia Khan
b3e02382-b6f0-4d86-ab73-fcede315e42d,Dylan Carrillo
ef26f344-f7ff-43f7-ac62-f1ebdd03c921,Karen Patterson
b7950dd8-9a95-4acc-8c70-ed0b21c33efd,Alexander Johnson
0d03d1f6-3182-411c-8163-87e3ce5c1e21,Judy Alvarez
